Atlas de Distribuciï¿½n de Renta de los Hogares;
Soria;
Indicadores de renta media;
Unidades: Euros;
;Renta media por persona 
;2016
4200101001 Abejar secciï¿½n 01001;11783
4200301001 Adradas secciï¿½n 01001;.
4200401001 ï¿½greda secciï¿½n 01001;11212
4200401002 ï¿½greda secciï¿½n 01002;11673
4200601001 Alconaba secciï¿½n 01001;13152
4200701001 Alcubilla de Avellaneda secciï¿½n 01001;10145
4200801001 Alcubilla de las Peï¿½as secciï¿½n 01001;.
4200901001 Aldealafuente secciï¿½n 01001;.
4201001001 Aldealices secciï¿½n 01001;.
4201101001 Aldealpozo secciï¿½n 01001;.
4201201001 Aldealseï¿½or secciï¿½n 01001;.
4201301001 Aldehuela de Periï¿½ï¿½ez secciï¿½n 01001;.
4201401001 Aldehuelas, Las secciï¿½n 01001;.
4201501001 Alentisque secciï¿½n 01001;.
4201601001 Aliud secciï¿½n 01001;.
4201701001 Almajano secciï¿½n 01001;10942
4201801001 Almaluez secciï¿½n 01001;10359
4201901001 Almarza secciï¿½n 01001;12791
4202001001 Almazï¿½n secciï¿½n 01001;11618
4202001002 Almazï¿½n secciï¿½n 01002;11144
4202001003 Almazï¿½n secciï¿½n 01003;9969
4202101001 Almazul secciï¿½n 01001;.
4202201001 Almenar de Soria secciï¿½n 01001;13285
4202301001 Alpanseque secciï¿½n 01001;.
4202401001 Arancï¿½n secciï¿½n 01001;.
4202501001 Arcos de Jalï¿½n secciï¿½n 01001;10504
4202501002 Arcos de Jalï¿½n secciï¿½n 01002;9539
4202601001 Arenillas secciï¿½n 01001;.
4202701001 Arï¿½valo de la Sierra secciï¿½n 01001;.
4202801001 Ausejo de la Sierra secciï¿½n 01001;.
4202901001 Baraona secciï¿½n 01001;9228
4203001001 Barca secciï¿½n 01001;15491
4203101001 Barcones secciï¿½n 01001;.
4203201001 Bayubas de Abajo secciï¿½n 01001;13407
4203301001 Bayubas de Arriba secciï¿½n 01001;.
4203401001 Beratï¿½n secciï¿½n 01001;.
4203501001 Berlanga de Duero secciï¿½n 01001;10288
4203601001 Blacos secciï¿½n 01001;.
4203701001 Bliecos secciï¿½n 01001;.
4203801001 Borjabad secciï¿½n 01001;.
4203901001 Borobia secciï¿½n 01001;11185
4204101001 Buberos secciï¿½n 01001;.
4204201001 Buitrago secciï¿½n 01001;.
4204301001 Burgo de Osma-Ciudad de Osma secciï¿½n 01001;10749
4204301002 Burgo de Osma-Ciudad de Osma secciï¿½n 01002;11533
4204301003 Burgo de Osma-Ciudad de Osma secciï¿½n 01003;10775
4204401001 Cabrejas del Campo secciï¿½n 01001;.
4204501001 Cabrejas del Pinar secciï¿½n 01001;11496
4204601001 Calataï¿½azor secciï¿½n 01001;.
4204801001 Caltojar secciï¿½n 01001;.
4204901001 Candilichera secciï¿½n 01001;14393
4205001001 Caï¿½amaque secciï¿½n 01001;.
4205101001 Carabantes secciï¿½n 01001;.
4205201001 Caracena secciï¿½n 01001;.
4205301001 Carrascosa de Abajo secciï¿½n 01001;.
4205401001 Carrascosa de la Sierra secciï¿½n 01001;.
4205501001 Casarejos secciï¿½n 01001;11118
4205601001 Castilfrï¿½o de la Sierra secciï¿½n 01001;.
4205801001 Castillejo de Robledo secciï¿½n 01001;12329
4205701001 Castilruiz secciï¿½n 01001;10931
4205901001 Centenera de Andaluz secciï¿½n 01001;.
4206001001 Cerbï¿½n secciï¿½n 01001;.
4206101001 Cidones secciï¿½n 01001;14638
4206201001 Cigudosa secciï¿½n 01001;.
4206301001 Cihuela secciï¿½n 01001;.
4206401001 Ciria secciï¿½n 01001;.
4206501001 Cirujales del Rï¿½o secciï¿½n 01001;.
4206801001 Coscurita secciï¿½n 01001;.
4206901001 Covaleda secciï¿½n 01001;9610
4207001001 Cubilla secciï¿½n 01001;.
4207101001 Cubo de la Solana secciï¿½n 01001;12328
4207301001 Cueva de ï¿½greda secciï¿½n 01001;.
4207501001 Dï¿½vanos secciï¿½n 01001;.
4207601001 Deza secciï¿½n 01001;9717
4207801001 Duruelo de la Sierra secciï¿½n 01001;10678
4207901001 Escobosa de Almazï¿½n secciï¿½n 01001;.
4208001001 Espeja de San Marcelino secciï¿½n 01001;9605
4208101001 Espejï¿½n secciï¿½n 01001;7582
4208201001 Estepa de San Juan secciï¿½n 01001;.
4208301001 Frechilla de Almazï¿½n secciï¿½n 01001;.
4208401001 Fresno de Caracena secciï¿½n 01001;.
4208501001 Fuentearmegil secciï¿½n 01001;10470
4208601001 Fuentecambrï¿½n secciï¿½n 01001;.
4208701001 Fuentecantos secciï¿½n 01001;.
4208801001 Fuentelmonge secciï¿½n 01001;.
4208901001 Fuentelsaz de Soria secciï¿½n 01001;.
4209001001 Fuentepinilla secciï¿½n 01001;.
4209201001 Fuentes de Magaï¿½a secciï¿½n 01001;.
4209301001 Fuentestrï¿½n secciï¿½n 01001;.
4209401001 Garray secciï¿½n 01001;14477
4209501001 Golmayo secciï¿½n 01001;12242
4209601001 Gï¿½mara secciï¿½n 01001;11468
4209701001 Gormaz secciï¿½n 01001;.
4209801001 Herrera de Soria secciï¿½n 01001;.
4210001001 Hinojosa del Campo secciï¿½n 01001;.
4210301001 Langa de Duero secciï¿½n 01001;10067
4210501001 Liceras secciï¿½n 01001;.
4210601001 Losilla, La secciï¿½n 01001;.
4210701001 Magaï¿½a secciï¿½n 01001;.
4210801001 Majï¿½n secciï¿½n 01001;.
4211001001 Matalebreras secciï¿½n 01001;.
4211101001 Matamala de Almazï¿½n secciï¿½n 01001;11183
4211301001 Medinaceli secciï¿½n 01001;11608
4211501001 Miï¿½o de Medinaceli secciï¿½n 01001;.
4211601001 Miï¿½o de San Esteban secciï¿½n 01001;.
4211701001 Molinos de Duero secciï¿½n 01001;10642
4211801001 Momblona secciï¿½n 01001;.
4211901001 Monteagudo de las Vicarï¿½as secciï¿½n 01001;9537
4212001001 Montejo de Tiermes secciï¿½n 01001;11680
4212101001 Montenegro de Cameros secciï¿½n 01001;.
4212301001 Morï¿½n de Almazï¿½n secciï¿½n 01001;13408
4212401001 Muriel de la Fuente secciï¿½n 01001;.
4212501001 Muriel Viejo secciï¿½n 01001;.
4212701001 Nafrï¿½a de Ucero secciï¿½n 01001;.
4212801001 Narros secciï¿½n 01001;.
4212901001 Navaleno secciï¿½n 01001;10915
4213001001 Nepas secciï¿½n 01001;.
4213101001 Nolay secciï¿½n 01001;.
4213201001 Noviercas secciï¿½n 01001;11762
4213401001 ï¿½lvega secciï¿½n 01001;11368
4213401002 ï¿½lvega secciï¿½n 01002;11680
4213501001 Oncala secciï¿½n 01001;.
4213901001 Pinilla del Campo secciï¿½n 01001;.
4214001001 Portillo de Soria secciï¿½n 01001;.
4214101001 Pï¿½veda de Soria, La secciï¿½n 01001;12690
4214201001 Pozalmuro secciï¿½n 01001;.
4214401001 Quintana Redonda secciï¿½n 01001;12436
4214501001 Quintanas de Gormaz secciï¿½n 01001;10161
4214801001 Quiï¿½onerï¿½a secciï¿½n 01001;.
4214901001 Rï¿½banos, Los secciï¿½n 01001;12645
4215101001 Rebollar secciï¿½n 01001;.
4215201001 Recuerda secciï¿½n 01001;.
4215301001 Rello secciï¿½n 01001;.
4215401001 Renieblas secciï¿½n 01001;13302
4215501001 Retortillo de Soria secciï¿½n 01001;11746
4215601001 Reznos secciï¿½n 01001;.
4215701001 Riba de Escalote, La secciï¿½n 01001;.
4215801001 Rioseco de Soria secciï¿½n 01001;12893
4215901001 Rollamienta secciï¿½n 01001;.
4216001001 Royo, El secciï¿½n 01001;12384
4216101001 Salduero secciï¿½n 01001;12226
4216201001 San Esteban de Gormaz secciï¿½n 01001;10587
4216201002 San Esteban de Gormaz secciï¿½n 01002;10573
4216201003 San Esteban de Gormaz secciï¿½n 01003;11499
4216301001 San Felices secciï¿½n 01001;.
4216401001 San Leonardo de Yagï¿½e secciï¿½n 01001;9998
4216501001 San Pedro Manrique secciï¿½n 01001;10774
4216601001 Santa Cruz de Yanguas secciï¿½n 01001;.
4216701001 Santa Marï¿½a de Huerta secciï¿½n 01001;9653
4216801001 Santa Marï¿½a de las Hoyas secciï¿½n 01001;10601
4217101001 Serï¿½n de Nï¿½gima secciï¿½n 01001;11436
4217201001 Soliedra secciï¿½n 01001;.
4217301001 Soria secciï¿½n 01001;12234
4217301002 Soria secciï¿½n 01002;11804
4217301003 Soria secciï¿½n 01003;13344
4217301004 Soria secciï¿½n 01004;11918
4217301005 Soria secciï¿½n 01005;11167
4217301006 Soria secciï¿½n 01006;11570
4217301007 Soria secciï¿½n 01007;10771
4217301008 Soria secciï¿½n 01008;11574
4217302001 Soria secciï¿½n 02001;13895
4217302002 Soria secciï¿½n 02002;18041
4217302003 Soria secciï¿½n 02003;13975
4217302004 Soria secciï¿½n 02004;12751
4217302005 Soria secciï¿½n 02005;15407
4217302006 Soria secciï¿½n 02006;12210
4217302007 Soria secciï¿½n 02007;14965
4217302008 Soria secciï¿½n 02008;12570
4217302009 Soria secciï¿½n 02009;11970
4217302010 Soria secciï¿½n 02010;11723
4217302011 Soria secciï¿½n 02011;10123
4217302012 Soria secciï¿½n 02012;13897
4217302013 Soria secciï¿½n 02013;12886
4217302014 Soria secciï¿½n 02014;12613
4217303001 Soria secciï¿½n 03001;11406
4217303002 Soria secciï¿½n 03002;10822
4217303003 Soria secciï¿½n 03003;14646
4217401001 Sotillo del Rincï¿½n secciï¿½n 01001;14152
4217501001 Suellacabras secciï¿½n 01001;.
4217601001 Tajahuerce secciï¿½n 01001;.
4217701001 Tajueco secciï¿½n 01001;.
4217801001 Talveila secciï¿½n 01001;13788
4218101001 Tardelcuende secciï¿½n 01001;11751
4218201001 Taroda secciï¿½n 01001;.
4218301001 Tejado secciï¿½n 01001;15061
4218401001 Torlengua secciï¿½n 01001;.
4218501001 Torreblacos secciï¿½n 01001;.
4218701001 Torrubia de Soria secciï¿½n 01001;.
4218801001 Trï¿½vago secciï¿½n 01001;.
4218901001 Ucero secciï¿½n 01001;.
4219001001 Vadillo secciï¿½n 01001;8801
4219101001 Valdeavellano de Tera secciï¿½n 01001;16481
4219201001 Valdegeï¿½a secciï¿½n 01001;.
4219301001 Valdelagua del Cerro secciï¿½n 01001;.
4219401001 Valdemaluque secciï¿½n 01001;11509
4219501001 Valdenebro secciï¿½n 01001;10229
4219601001 Valdeprado secciï¿½n 01001;.
4219701001 Valderrodilla secciï¿½n 01001;.
4219801001 Valtajeros secciï¿½n 01001;.
4220001001 Velamazï¿½n secciï¿½n 01001;.
4220101001 Velilla de la Sierra secciï¿½n 01001;.
4220201001 Velilla de los Ajos secciï¿½n 01001;.
4220401001 Viana de Duero secciï¿½n 01001;.
4220501001 Villaciervos secciï¿½n 01001;.
4220601001 Villanueva de Gormaz secciï¿½n 01001;.
4220701001 Villar del Ala secciï¿½n 01001;.
4220801001 Villar del Campo secciï¿½n 01001;.
4220901001 Villar del Rï¿½o secciï¿½n 01001;13139
4221101001 Villares de Soria, Los secciï¿½n 01001;.
4221201001 Villasayas secciï¿½n 01001;.
4221301001 Villaseca de Arciel secciï¿½n 01001;.
4221501001 Vinuesa secciï¿½n 01001;10324
4221601001 Vizmanos secciï¿½n 01001;.
4221701001 Vozmediano secciï¿½n 01001;.
4221801001 Yanguas secciï¿½n 01001;.
4221901001 Yelo secciï¿½n 01001;.
Notas:;
Estadï¿½stica experimental;
Fuente: Instituto Nacional de Estadï¿½stica;
